country_code,category_id,month,demand_units
US,CAT01,1,3321
US,CAT01,2,3038
US,CAT01,3,3317
US,CAT01,4,3491
US,CAT01,5,3630
US,CAT01,6,3333
US,CAT01,7,3463
US,CAT01,8,4562
US,CAT01,9,3666
US,CAT01,10,4518
US,CAT01,11,5664
US,CAT01,12,5770
US,CAT02,1,1340
US,CAT02,2,1576
US,CAT02,3,1697
US,CAT02,4,1460
US,CAT02,5,1538
US,CAT02,6,1578
US,CAT02,7,1700
US,CAT02,8,1894
US,CAT02,9,1728
US,CAT02,10,1867
US,CAT02,11,2800
US,CAT02,12,2292
US,CAT03,1,2985
US,CAT03,2,3414
US,CAT03,3,3042
US,CAT03,4,3002
US,CAT03,5,3198
US,CAT03,6,4251
US,CAT03,7,3220
US,CAT03,8,3594
US,CAT03,9,3570
US,CAT03,10,3835
US,CAT03,11,5673
US,CAT03,12,5400
US,CAT04,1,3927
US,CAT04,2,4199
US,CAT04,3,4782
US,CAT04,4,3767
US,CAT04,5,5053
US,CAT04,6,4981
US,CAT04,7,4323
US,CAT04,8,5463
US,CAT04,9,5855
US,CAT04,10,5123
US,CAT04,11,7850
US,CAT04,12,7353
US,CAT05,1,4378
US,CAT05,2,5168
US,CAT05,3,4579
US,CAT05,4,5342
US,CAT05,5,4768
US,CAT05,6,5785
US,CAT05,7,5469
US,CAT05,8,5099
US,CAT05,9,5688
US,CAT05,10,5770
US,CAT05,11,6723
US,CAT05,12,7067
US,CAT06,1,2719
US,CAT06,2,2591
US,CAT06,3,2884
US,CAT06,4,3499
US,CAT06,5,3596
US,CAT06,6,3817
US,CAT06,7,3367
US,CAT06,8,4178
US,CAT06,9,4029
US,CAT06,10,3637
US,CAT06,11,4614
US,CAT06,12,5842
US,CAT07,1,3856
US,CAT07,2,4552
US,CAT07,3,5519
US,CAT07,4,4185
US,CAT07,5,4340
US,CAT07,6,6134
US,CAT07,7,5479
US,CAT07,8,4983
US,CAT07,9,6579
US,CAT07,10,6847
US,CAT07,11,7833
US,CAT07,12,8585
US,CAT08,1,4101
US,CAT08,2,4045
US,CAT08,3,5091
US,CAT08,4,4749
US,CAT08,5,5482
US,CAT08,6,6055
US,CAT08,7,4705
US,CAT08,8,5941
US,CAT08,9,5563
US,CAT08,10,7035
US,CAT08,11,7386
US,CAT08,12,8809
US,CAT09,1,4315
US,CAT09,2,4371
US,CAT09,3,5032
US,CAT09,4,5214
US,CAT09,5,5144
US,CAT09,6,5720
US,CAT09,7,6078
US,CAT09,8,5439
US,CAT09,9,5864
US,CAT09,10,5212
US,CAT09,11,8380
US,CAT09,12,8278
US,CAT10,1,3880
US,CAT10,2,3723
US,CAT10,3,5013
US,CAT10,4,4444
US,CAT10,5,4998
US,CAT10,6,4463
US,CAT10,7,5678
US,CAT10,8,4732
US,CAT10,9,4992
US,CAT10,10,6353
US,CAT10,11,8127
US,CAT10,12,7063
CA,CAT01,1,1243
CA,CAT01,2,1426
CA,CAT01,3,1571
CA,CAT01,4,1390
CA,CAT01,5,1497
CA,CAT01,6,1681
CA,CAT01,7,1676
CA,CAT01,8,1786
CA,CAT01,9,1760
CA,CAT01,10,1589
CA,CAT01,11,2548
CA,CAT01,12,2696
CA,CAT02,1,596
CA,CAT02,2,512
CA,CAT02,3,561
CA,CAT02,4,675
CA,CAT02,5,557
CA,CAT02,6,782
CA,CAT02,7,659
CA,CAT02,8,765
CA,CAT02,9,840
CA,CAT02,10,762
CA,CAT02,11,938
CA,CAT02,12,1095
CA,CAT03,1,1238
CA,CAT03,2,1249
CA,CAT03,3,1401
CA,CAT03,4,1571
CA,CAT03,5,1421
CA,CAT03,6,1373
CA,CAT03,7,1455
CA,CAT03,8,1536
CA,CAT03,9,1478
CA,CAT03,10,1561
CA,CAT03,11,2311
CA,CAT03,12,2229
CA,CAT04,1,1749
CA,CAT04,2,1509
CA,CAT04,3,1523
CA,CAT04,4,1904
CA,CAT04,5,2036
CA,CAT04,6,1796
CA,CAT04,7,1752
CA,CAT04,8,1830
CA,CAT04,9,2130
CA,CAT04,10,2191
CA,CAT04,11,2588
CA,CAT04,12,2575
CA,CAT05,1,1689
CA,CAT05,2,2053
CA,CAT05,3,1998
CA,CAT05,4,1951
CA,CAT05,5,1782
CA,CAT05,6,1966
CA,CAT05,7,1993
CA,CAT05,8,2407
CA,CAT05,9,2600
CA,CAT05,10,2736
CA,CAT05,11,3526
CA,CAT05,12,3767
CA,CAT06,1,1295
CA,CAT06,2,1056
CA,CAT06,3,1143
CA,CAT06,4,1234
CA,CAT06,5,1375
CA,CAT06,6,1253
CA,CAT06,7,1573
CA,CAT06,8,1549
CA,CAT06,9,1587
CA,CAT06,10,1474
CA,CAT06,11,1913
CA,CAT06,12,1984
CA,CAT07,1,1891
CA,CAT07,2,1863
CA,CAT07,3,2059
CA,CAT07,4,1846
CA,CAT07,5,1952
CA,CAT07,6,2076
CA,CAT07,7,2304
CA,CAT07,8,2428
CA,CAT07,9,2144
CA,CAT07,10,2784
CA,CAT07,11,2747
CA,CAT07,12,3707
CA,CAT08,1,1549
CA,CAT08,2,1738
CA,CAT08,3,2186
CA,CAT08,4,1830
CA,CAT08,5,2036
CA,CAT08,6,2167
CA,CAT08,7,2032
CA,CAT08,8,2456
CA,CAT08,9,2675
CA,CAT08,10,2815
CA,CAT08,11,3037
CA,CAT08,12,3442
CA,CAT09,1,1570
CA,CAT09,2,1667
CA,CAT09,3,1717
CA,CAT09,4,2211
CA,CAT09,5,2252
CA,CAT09,6,2300
CA,CAT09,7,2134
CA,CAT09,8,2223
CA,CAT09,9,2356
CA,CAT09,10,2469
CA,CAT09,11,3018
CA,CAT09,12,2927
CA,CAT10,1,1417
CA,CAT10,2,1926
CA,CAT10,3,1786
CA,CAT10,4,2085
CA,CAT10,5,1704
CA,CAT10,6,2028
CA,CAT10,7,1820
CA,CAT10,8,1940
CA,CAT10,9,1885
CA,CAT10,10,2032
CA,CAT10,11,3255
CA,CAT10,12,2927
MX,CAT01,1,1079
MX,CAT01,2,1099
MX,CAT01,3,1141
MX,CAT01,4,1213
MX,CAT01,5,1125
MX,CAT01,6,1498
MX,CAT01,7,1431
MX,CAT01,8,1471
MX,CAT01,9,1423
MX,CAT01,10,1346
MX,CAT01,11,2133
MX,CAT01,12,1928
MX,CAT02,1,394
MX,CAT02,2,462
MX,CAT02,3,558
MX,CAT02,4,544
MX,CAT02,5,582
MX,CAT02,6,620
MX,CAT02,7,521
MX,CAT02,8,675
MX,CAT02,9,615
MX,CAT02,10,683
MX,CAT02,11,703
MX,CAT02,12,1014
MX,CAT03,1,941
MX,CAT03,2,929
MX,CAT03,3,1119
MX,CAT03,4,1029
MX,CAT03,5,1071
MX,CAT03,6,1309
MX,CAT03,7,1218
MX,CAT03,8,1489
MX,CAT03,9,1310
MX,CAT03,10,1546
MX,CAT03,11,1804
MX,CAT03,12,2045
MX,CAT04,1,1321
MX,CAT04,2,1352
MX,CAT04,3,1638
MX,CAT04,4,1405
MX,CAT04,5,1376
MX,CAT04,6,1689
MX,CAT04,7,1770
MX,CAT04,8,1451
MX,CAT04,9,1737
MX,CAT04,10,2061
MX,CAT04,11,2499
MX,CAT04,12,2851
MX,CAT05,1,1429
MX,CAT05,2,1576
MX,CAT05,3,1498
MX,CAT05,4,1846
MX,CAT05,5,1614
MX,CAT05,6,1896
MX,CAT05,7,1718
MX,CAT05,8,1892
MX,CAT05,9,2075
MX,CAT05,10,2040
MX,CAT05,11,2879
MX,CAT05,12,2676
MX,CAT06,1,992
MX,CAT06,2,962
MX,CAT06,3,1039
MX,CAT06,4,1073
MX,CAT06,5,1001
MX,CAT06,6,1042
MX,CAT06,7,1247
MX,CAT06,8,1305
MX,CAT06,9,1370
MX,CAT06,10,1169
MX,CAT06,11,1632
MX,CAT06,12,1674
MX,CAT07,1,1544
MX,CAT07,2,1678
MX,CAT07,3,1481
MX,CAT07,4,1721
MX,CAT07,5,1504
MX,CAT07,6,1661
MX,CAT07,7,1588
MX,CAT07,8,1749
MX,CAT07,9,2062
MX,CAT07,10,2301
MX,CAT07,11,2352
MX,CAT07,12,2796
MX,CAT08,1,1555
MX,CAT08,2,1770
MX,CAT08,3,1705
MX,CAT08,4,1563
MX,CAT08,5,1807
MX,CAT08,6,1735
MX,CAT08,7,2095
MX,CAT08,8,1867
MX,CAT08,9,2129
MX,CAT08,10,1807
MX,CAT08,11,2579
MX,CAT08,12,3162
MX,CAT09,1,1462
MX,CAT09,2,1479
MX,CAT09,3,1801
MX,CAT09,4,1801
MX,CAT09,5,1591
MX,CAT09,6,1793
MX,CAT09,7,1764
MX,CAT09,8,1932
MX,CAT09,9,1849
MX,CAT09,10,1879
MX,CAT09,11,2883
MX,CAT09,12,3091
MX,CAT10,1,1467
MX,CAT10,2,1616
MX,CAT10,3,1606
MX,CAT10,4,1651
MX,CAT10,5,1704
MX,CAT10,6,1653
MX,CAT10,7,1641
MX,CAT10,8,1610
MX,CAT10,9,1908
MX,CAT10,10,1791
MX,CAT10,11,2235
MX,CAT10,12,2643
BR,CAT01,1,1525
BR,CAT01,2,1525
BR,CAT01,3,1931
BR,CAT01,4,1998
BR,CAT01,5,1676
BR,CAT01,6,1670
BR,CAT01,7,1863
BR,CAT01,8,2241
BR,CAT01,9,2375
BR,CAT01,10,2009
BR,CAT01,11,3075
BR,CAT01,12,2687
BR,CAT02,1,661
BR,CAT02,2,835
BR,CAT02,3,699
BR,CAT02,4,705
BR,CAT02,5,793
BR,CAT02,6,886
BR,CAT02,7,966
BR,CAT02,8,1027
BR,CAT02,9,819
BR,CAT02,10,876
BR,CAT02,11,1348
BR,CAT02,12,1234
BR,CAT03,1,1685
BR,CAT03,2,1684
BR,CAT03,3,1501
BR,CAT03,4,1910
BR,CAT03,5,1620
BR,CAT03,6,1845
BR,CAT03,7,1918
BR,CAT03,8,1983
BR,CAT03,9,2193
BR,CAT03,10,2271
BR,CAT03,11,3142
BR,CAT03,12,3365
BR,CAT04,1,1933
BR,CAT04,2,1796
BR,CAT04,3,2312
BR,CAT04,4,2529
BR,CAT04,5,2160
BR,CAT04,6,2377
BR,CAT04,7,2350
BR,CAT04,8,2185
BR,CAT04,9,2782
BR,CAT04,10,2644
BR,CAT04,11,3787
BR,CAT04,12,4099
BR,CAT05,1,2328
BR,CAT05,2,2200
BR,CAT05,3,2261
BR,CAT05,4,2624
BR,CAT05,5,2749
BR,CAT05,6,2647
BR,CAT05,7,2967
BR,CAT05,8,2489
BR,CAT05,9,3251
BR,CAT05,10,2682
BR,CAT05,11,3448
BR,CAT05,12,4156
BR,CAT06,1,1240
BR,CAT06,2,1311
BR,CAT06,3,1363
BR,CAT06,4,1607
BR,CAT06,5,1832
BR,CAT06,6,1533
BR,CAT06,7,1863
BR,CAT06,8,2052
BR,CAT06,9,1764
BR,CAT06,10,1831
BR,CAT06,11,2862
BR,CAT06,12,3029
BR,CAT07,1,2162
BR,CAT07,2,2489
BR,CAT07,3,2111
BR,CAT07,4,2380
BR,CAT07,5,2719
BR,CAT07,6,2477
BR,CAT07,7,2874
BR,CAT07,8,2809
BR,CAT07,9,3160
BR,CAT07,10,3040
BR,CAT07,11,3721
BR,CAT07,12,3793
BR,CAT08,1,2008
BR,CAT08,2,2514
BR,CAT08,3,2192
BR,CAT08,4,2216
BR,CAT08,5,2359
BR,CAT08,6,2482
BR,CAT08,7,3017
BR,CAT08,8,2800
BR,CAT08,9,3470
BR,CAT08,10,2819
BR,CAT08,11,4172
BR,CAT08,12,4197
BR,CAT09,1,2055
BR,CAT09,2,2510
BR,CAT09,3,2729
BR,CAT09,4,2715
BR,CAT09,5,2289
BR,CAT09,6,2432
BR,CAT09,7,2778
BR,CAT09,8,2610
BR,CAT09,9,3125
BR,CAT09,10,3113
BR,CAT09,11,3907
BR,CAT09,12,4519
BR,CAT10,1,2121
BR,CAT10,2,1819
BR,CAT10,3,1941
BR,CAT10,4,2364
BR,CAT10,5,2359
BR,CAT10,6,2314
BR,CAT10,7,2433
BR,CAT10,8,2821
BR,CAT10,9,3012
BR,CAT10,10,2920
BR,CAT10,11,3492
BR,CAT10,12,3599
AR,CAT01,1,631
AR,CAT01,2,629
AR,CAT01,3,719
AR,CAT01,4,759
AR,CAT01,5,648
AR,CAT01,6,666
AR,CAT01,7,716
AR,CAT01,8,920
AR,CAT01,9,900
AR,CAT01,10,813
AR,CAT01,11,1269
AR,CAT01,12,1204
AR,CAT02,1,272
AR,CAT02,2,329
AR,CAT02,3,267
AR,CAT02,4,288
AR,CAT02,5,333
AR,CAT02,6,311
AR,CAT02,7,360
AR,CAT02,8,328
AR,CAT02,9,331
AR,CAT02,10,359
AR,CAT02,11,484
AR,CAT02,12,479
AR,CAT03,1,538
AR,CAT03,2,711
AR,CAT03,3,643
AR,CAT03,4,666
AR,CAT03,5,622
AR,CAT03,6,723
AR,CAT03,7,702
AR,CAT03,8,819
AR,CAT03,9,757
AR,CAT03,10,970
AR,CAT03,11,1236
AR,CAT03,12,1030
AR,CAT04,1,679
AR,CAT04,2,723
AR,CAT04,3,897
AR,CAT04,4,785
AR,CAT04,5,1010
AR,CAT04,6,1035
AR,CAT04,7,1054
AR,CAT04,8,1018
AR,CAT04,9,1216
AR,CAT04,10,955
AR,CAT04,11,1353
AR,CAT04,12,1412
AR,CAT05,1,964
AR,CAT05,2,923
AR,CAT05,3,1043
AR,CAT05,4,880
AR,CAT05,5,1153
AR,CAT05,6,1061
AR,CAT05,7,1060
AR,CAT05,8,1272
AR,CAT05,9,1126
AR,CAT05,10,1183
AR,CAT05,11,1578
AR,CAT05,12,1462
AR,CAT06,1,539
AR,CAT06,2,550
AR,CAT06,3,565
AR,CAT06,4,728
AR,CAT06,5,695
AR,CAT06,6,682
AR,CAT06,7,693
AR,CAT06,8,733
AR,CAT06,9,815
AR,CAT06,10,924
AR,CAT06,11,1167
AR,CAT06,12,1068
AR,CAT07,1,811
AR,CAT07,2,895
AR,CAT07,3,981
AR,CAT07,4,972
AR,CAT07,5,1064
AR,CAT07,6,1086
AR,CAT07,7,1011
AR,CAT07,8,1070
AR,CAT07,9,1133
AR,CAT07,10,1080
AR,CAT07,11,1394
AR,CAT07,12,1767
AR,CAT08,1,851
AR,CAT08,2,855
AR,CAT08,3,1009
AR,CAT08,4,1090
AR,CAT08,5,969
AR,CAT08,6,1208
AR,CAT08,7,1241
AR,CAT08,8,1189
AR,CAT08,9,1271
AR,CAT08,10,1095
AR,CAT08,11,1808
AR,CAT08,12,1650
AR,CAT09,1,957
AR,CAT09,2,924
AR,CAT09,3,813
AR,CAT09,4,841
AR,CAT09,5,1063
AR,CAT09,6,1082
AR,CAT09,7,911
AR,CAT09,8,1196
AR,CAT09,9,1291
AR,CAT09,10,1220
AR,CAT09,11,1524
AR,CAT09,12,1401
AR,CAT10,1,867
AR,CAT10,2,805
AR,CAT10,3,1000
AR,CAT10,4,883
AR,CAT10,5,966
AR,CAT10,6,929
AR,CAT10,7,896
AR,CAT10,8,1134
AR,CAT10,9,1096
AR,CAT10,10,1160
AR,CAT10,11,1648
AR,CAT10,12,1761
DE,CAT01,1,2313
DE,CAT01,2,2013
DE,CAT01,3,2418
DE,CAT01,4,2676
DE,CAT01,5,2388
DE,CAT01,6,2300
DE,CAT01,7,2856
DE,CAT01,8,2728
DE,CAT01,9,2929
DE,CAT01,10,3439
DE,CAT01,11,3910
DE,CAT01,12,3958
DE,CAT02,1,876
DE,CAT02,2,945
DE,CAT02,3,909
DE,CAT02,4,1142
DE,CAT02,5,1193
DE,CAT02,6,1066
DE,CAT02,7,1073
DE,CAT02,8,1331
DE,CAT02,9,1075
DE,CAT02,10,1319
DE,CAT02,11,1635
DE,CAT02,12,1868
DE,CAT03,1,1811
DE,CAT03,2,2248
DE,CAT03,3,2182
DE,CAT03,4,2399
DE,CAT03,5,2062
DE,CAT03,6,2489
DE,CAT03,7,2534
DE,CAT03,8,2417
DE,CAT03,9,2470
DE,CAT03,10,2625
DE,CAT03,11,3480
DE,CAT03,12,3430
DE,CAT04,1,2909
DE,CAT04,2,2648
DE,CAT04,3,3153
DE,CAT04,4,3370
DE,CAT04,5,2663
DE,CAT04,6,3352
DE,CAT04,7,3563
DE,CAT04,8,3502
DE,CAT04,9,3452
DE,CAT04,10,3611
DE,CAT04,11,4002
DE,CAT04,12,5021
DE,CAT05,1,3250
DE,CAT05,2,3422
DE,CAT05,3,2746
DE,CAT05,4,3457
DE,CAT05,5,3162
DE,CAT05,6,3967
DE,CAT05,7,3056
DE,CAT05,8,4202
DE,CAT05,9,4287
DE,CAT05,10,3603
DE,CAT05,11,4454
DE,CAT05,12,6036
DE,CAT06,1,1704
DE,CAT06,2,2040
DE,CAT06,3,2404
DE,CAT06,4,2229
DE,CAT06,5,2187
DE,CAT06,6,2336
DE,CAT06,7,2064
DE,CAT06,8,2844
DE,CAT06,9,2464
DE,CAT06,10,2477
DE,CAT06,11,3223
DE,CAT06,12,4194
DE,CAT07,1,2503
DE,CAT07,2,3362
DE,CAT07,3,3406
DE,CAT07,4,3602
DE,CAT07,5,3868
DE,CAT07,6,3928
DE,CAT07,7,4036
DE,CAT07,8,3322
DE,CAT07,9,4266
DE,CAT07,10,4153
DE,CAT07,11,5233
DE,CAT07,12,6183
DE,CAT08,1,3349
DE,CAT08,2,3308
DE,CAT08,3,3283
DE,CAT08,4,3330
DE,CAT08,5,3365
DE,CAT08,6,3515
DE,CAT08,7,3548
DE,CAT08,8,3376
DE,CAT08,9,3522
DE,CAT08,10,4571
DE,CAT08,11,5231
DE,CAT08,12,6418
DE,CAT09,1,2926
DE,CAT09,2,2588
DE,CAT09,3,2858
DE,CAT09,4,2968
DE,CAT09,5,3842
DE,CAT09,6,3240
DE,CAT09,7,3555
DE,CAT09,8,4202
DE,CAT09,9,4450
DE,CAT09,10,3748
DE,CAT09,11,4437
DE,CAT09,12,4915
DE,CAT10,1,2312
DE,CAT10,2,2568
DE,CAT10,3,3054
DE,CAT10,4,3438
DE,CAT10,5,3194
DE,CAT10,6,3451
DE,CAT10,7,3028
DE,CAT10,8,3806
DE,CAT10,9,3787
DE,CAT10,10,4241
DE,CAT10,11,5470
DE,CAT10,12,4919
GB,CAT01,1,1650
GB,CAT01,2,1834
GB,CAT01,3,2077
GB,CAT01,4,2452
GB,CAT01,5,2152
GB,CAT01,6,2542
GB,CAT01,7,2380
GB,CAT01,8,2234
GB,CAT01,9,2447
GB,CAT01,10,2828
GB,CAT01,11,3586
GB,CAT01,12,3573
GB,CAT02,1,754
GB,CAT02,2,930
GB,CAT02,3,832
GB,CAT02,4,1068
GB,CAT02,5,883
GB,CAT02,6,905
GB,CAT02,7,1025
GB,CAT02,8,1084
GB,CAT02,9,1131
GB,CAT02,10,1157
GB,CAT02,11,1709
GB,CAT02,12,1584
GB,CAT03,1,1801
GB,CAT03,2,1881
GB,CAT03,3,1774
GB,CAT03,4,2143
GB,CAT03,5,1977
GB,CAT03,6,2359
GB,CAT03,7,1960
GB,CAT03,8,2723
GB,CAT03,9,2469
GB,CAT03,10,2916
GB,CAT03,11,3261
GB,CAT03,12,3049
GB,CAT04,1,2532
GB,CAT04,2,2562
GB,CAT04,3,2817
GB,CAT04,4,2598
GB,CAT04,5,2855
GB,CAT04,6,3194
GB,CAT04,7,2999
GB,CAT04,8,2891
GB,CAT04,9,3329
GB,CAT04,10,3490
GB,CAT04,11,4762
GB,CAT04,12,4300
GB,CAT05,1,2491
GB,CAT05,2,2961
GB,CAT05,3,2871
GB,CAT05,4,3138
GB,CAT05,5,2989
GB,CAT05,6,2913
GB,CAT05,7,3419
GB,CAT05,8,2974
GB,CAT05,9,3187
GB,CAT05,10,3802
GB,CAT05,11,4961
GB,CAT05,12,5521
GB,CAT06,1,1593
GB,CAT06,2,1605
GB,CAT06,3,2187
GB,CAT06,4,1763
GB,CAT06,5,1846
GB,CAT06,6,2004
GB,CAT06,7,2156
GB,CAT06,8,2502
GB,CAT06,9,2535
GB,CAT06,10,2612
GB,CAT06,11,2797
GB,CAT06,12,3172
GB,CAT07,1,2548
GB,CAT07,2,2437
GB,CAT07,3,2689
GB,CAT07,4,2780
GB,CAT07,5,2705
GB,CAT07,6,3255
GB,CAT07,7,3403
GB,CAT07,8,2932
GB,CAT07,9,3507
GB,CAT07,10,3999
GB,CAT07,11,4995
GB,CAT07,12,5439
GB,CAT08,1,2599
GB,CAT08,2,3075
GB,CAT08,3,2739
GB,CAT08,4,2909
GB,CAT08,5,2831
GB,CAT08,6,3268
GB,CAT08,7,3193
GB,CAT08,8,3196
GB,CAT08,9,3905
GB,CAT08,10,3583
GB,CAT08,11,4459
GB,CAT08,12,4549
GB,CAT09,1,2501
GB,CAT09,2,2547
GB,CAT09,3,2754
GB,CAT09,4,2698
GB,CAT09,5,3264
GB,CAT09,6,3596
GB,CAT09,7,3183
GB,CAT09,8,3488
GB,CAT09,9,3889
GB,CAT09,10,4211
GB,CAT09,11,4775
GB,CAT09,12,5514
GB,CAT10,1,2687
GB,CAT10,2,2766
GB,CAT10,3,2662
GB,CAT10,4,2407
GB,CAT10,5,2430
GB,CAT10,6,2972
GB,CAT10,7,2987
GB,CAT10,8,3055
GB,CAT10,9,3359
GB,CAT10,10,3495
GB,CAT10,11,4777
GB,CAT10,12,4094
FR,CAT01,1,1534
FR,CAT01,2,1933
FR,CAT01,3,2077
FR,CAT01,4,2208
FR,CAT01,5,2208
FR,CAT01,6,2334
FR,CAT01,7,1974
FR,CAT01,8,2130
FR,CAT01,9,2139
FR,CAT01,10,2480
FR,CAT01,11,3429
FR,CAT01,12,3089
FR,CAT02,1,742
FR,CAT02,2,728
FR,CAT02,3,739
FR,CAT02,4,762
FR,CAT02,5,752
FR,CAT02,6,1035
FR,CAT02,7,885
FR,CAT02,8,1054
FR,CAT02,9,1058
FR,CAT02,10,952
FR,CAT02,11,1194
FR,CAT02,12,1546
FR,CAT03,1,1497
FR,CAT03,2,1924
FR,CAT03,3,1617
FR,CAT03,4,1952
FR,CAT03,5,2094
FR,CAT03,6,1854
FR,CAT03,7,1879
FR,CAT03,8,2409
FR,CAT03,9,2059
FR,CAT03,10,2267
FR,CAT03,11,2861
FR,CAT03,12,2890
FR,CAT04,1,2222
FR,CAT04,2,2358
FR,CAT04,3,2224
FR,CAT04,4,2597
FR,CAT04,5,2227
FR,CAT04,6,2184
FR,CAT04,7,2620
FR,CAT04,8,3092
FR,CAT04,9,2431
FR,CAT04,10,2691
FR,CAT04,11,3740
FR,CAT04,12,4345
FR,CAT05,1,1986
FR,CAT05,2,2331
FR,CAT05,3,2737
FR,CAT05,4,2504
FR,CAT05,5,2438
FR,CAT05,6,2572
FR,CAT05,7,2755
FR,CAT05,8,2954
FR,CAT05,9,3452
FR,CAT05,10,3395
FR,CAT05,11,4339
FR,CAT05,12,5024
FR,CAT06,1,1480
FR,CAT06,2,1568
FR,CAT06,3,1927
FR,CAT06,4,1615
FR,CAT06,5,1929
FR,CAT06,6,2045
FR,CAT06,7,1671
FR,CAT06,8,1976
FR,CAT06,9,1902
FR,CAT06,10,1979
FR,CAT06,11,2725
FR,CAT06,12,2759
FR,CAT07,1,2483
FR,CAT07,2,2719
FR,CAT07,3,2798
FR,CAT07,4,2438
FR,CAT07,5,2524
FR,CAT07,6,2640
FR,CAT07,7,2538
FR,CAT07,8,3391
FR,CAT07,9,3043
FR,CAT07,10,3007
FR,CAT07,11,4562
FR,CAT07,12,4284
FR,CAT08,1,2020
FR,CAT08,2,2241
FR,CAT08,3,2751
FR,CAT08,4,2928
FR,CAT08,5,2545
FR,CAT08,6,3301
FR,CAT08,7,3243
FR,CAT08,8,3402
FR,CAT08,9,2963
FR,CAT08,10,2919
FR,CAT08,11,4723
FR,CAT08,12,4282
FR,CAT09,1,2346
FR,CAT09,2,2594
FR,CAT09,3,2264
FR,CAT09,4,2824
FR,CAT09,5,3043
FR,CAT09,6,3025
FR,CAT09,7,2781
FR,CAT09,8,3308
FR,CAT09,9,3140
FR,CAT09,10,3495
FR,CAT09,11,4500
FR,CAT09,12,4716
FR,CAT10,1,1993
FR,CAT10,2,2002
FR,CAT10,3,2206
FR,CAT10,4,2449
FR,CAT10,5,2531
FR,CAT10,6,2726
FR,CAT10,7,2576
FR,CAT10,8,3033
FR,CAT10,9,3289
FR,CAT10,10,2827
FR,CAT10,11,4131
FR,CAT10,12,4343
AE,CAT01,1,842
AE,CAT01,2,805
AE,CAT01,3,1024
AE,CAT01,4,1094
AE,CAT01,5,1059
AE,CAT01,6,1176
AE,CAT01,7,1197
AE,CAT01,8,1049
AE,CAT01,9,1197
AE,CAT01,10,1192
AE,CAT01,11,1736
AE,CAT01,12,1422
AE,CAT02,1,355
AE,CAT02,2,431
AE,CAT02,3,384
AE,CAT02,4,456
AE,CAT02,5,418
AE,CAT02,6,522
AE,CAT02,7,508
AE,CAT02,8,450
AE,CAT02,9,542
AE,CAT02,10,499
AE,CAT02,11,682
AE,CAT02,12,740
AE,CAT03,1,885
AE,CAT03,2,734
AE,CAT03,3,830
AE,CAT03,4,985
AE,CAT03,5,975
AE,CAT03,6,1006
AE,CAT03,7,873
AE,CAT03,8,1009
AE,CAT03,9,1229
AE,CAT03,10,995
AE,CAT03,11,1415
AE,CAT03,12,1769
AE,CAT04,1,888
AE,CAT04,2,1172
AE,CAT04,3,1070
AE,CAT04,4,1310
AE,CAT04,5,1308
AE,CAT04,6,1431
AE,CAT04,7,1173
AE,CAT04,8,1359
AE,CAT04,9,1529
AE,CAT04,10,1362
AE,CAT04,11,1709
AE,CAT04,12,1706
AE,CAT05,1,1288
AE,CAT05,2,1279
AE,CAT05,3,1326
AE,CAT05,4,1398
AE,CAT05,5,1357
AE,CAT05,6,1405
AE,CAT05,7,1394
AE,CAT05,8,1549
AE,CAT05,9,1418
AE,CAT05,10,1817
AE,CAT05,11,2244
AE,CAT05,12,2095
AE,CAT06,1,778
AE,CAT06,2,721
AE,CAT06,3,976
AE,CAT06,4,980
AE,CAT06,5,1017
AE,CAT06,6,902
AE,CAT06,7,856
AE,CAT06,8,911
AE,CAT06,9,916
AE,CAT06,10,968
AE,CAT06,11,1200
AE,CAT06,12,1689
AE,CAT07,1,994
AE,CAT07,2,1078
AE,CAT07,3,1408
AE,CAT07,4,1343
AE,CAT07,5,1465
AE,CAT07,6,1481
AE,CAT07,7,1588
AE,CAT07,8,1558
AE,CAT07,9,1578
AE,CAT07,10,1743
AE,CAT07,11,2034
AE,CAT07,12,2107
AE,CAT08,1,1162
AE,CAT08,2,1123
AE,CAT08,3,1438
AE,CAT08,4,1253
AE,CAT08,5,1249
AE,CAT08,6,1355
AE,CAT08,7,1617
AE,CAT08,8,1462
AE,CAT08,9,1704
AE,CAT08,10,1867
AE,CAT08,11,1857
AE,CAT08,12,2454
AE,CAT09,1,1067
AE,CAT09,2,1101
AE,CAT09,3,1346
AE,CAT09,4,1462
AE,CAT09,5,1262
AE,CAT09,6,1445
AE,CAT09,7,1326
AE,CAT09,8,1510
AE,CAT09,9,1614
AE,CAT09,10,1682
AE,CAT09,11,2129
AE,CAT09,12,1954
AE,CAT10,1,1126
AE,CAT10,2,1190
AE,CAT10,3,1263
AE,CAT10,4,1067
AE,CAT10,5,1243
AE,CAT10,6,1294
AE,CAT10,7,1165
AE,CAT10,8,1280
AE,CAT10,9,1437
AE,CAT10,10,1641
AE,CAT10,11,1776
AE,CAT10,12,2265
SA,CAT01,1,742
SA,CAT01,2,838
SA,CAT01,3,816
SA,CAT01,4,841
SA,CAT01,5,900
SA,CAT01,6,1032
SA,CAT01,7,912
SA,CAT01,8,968
SA,CAT01,9,1037
SA,CAT01,10,1126
SA,CAT01,11,1156
SA,CAT01,12,1424
SA,CAT02,1,317
SA,CAT02,2,382
SA,CAT02,3,358
SA,CAT02,4,364
SA,CAT02,5,432
SA,CAT02,6,393
SA,CAT02,7,361
SA,CAT02,8,383
SA,CAT02,9,386
SA,CAT02,10,390
SA,CAT02,11,567
SA,CAT02,12,668
SA,CAT03,1,754
SA,CAT03,2,644
SA,CAT03,3,810
SA,CAT03,4,727
SA,CAT03,5,948
SA,CAT03,6,793
SA,CAT03,7,915
SA,CAT03,8,877
SA,CAT03,9,1010
SA,CAT03,10,987
SA,CAT03,11,1377
SA,CAT03,12,1255
SA,CAT04,1,1007
SA,CAT04,2,954
SA,CAT04,3,1088
SA,CAT04,4,1141
SA,CAT04,5,1226
SA,CAT04,6,1029
SA,CAT04,7,1050
SA,CAT04,8,1090
SA,CAT04,9,1147
SA,CAT04,10,1322
SA,CAT04,11,1868
SA,CAT04,12,1995
SA,CAT05,1,999
SA,CAT05,2,1097
SA,CAT05,3,1235
SA,CAT05,4,1287
SA,CAT05,5,1072
SA,CAT05,6,1249
SA,CAT05,7,1362
SA,CAT05,8,1224
SA,CAT05,9,1338
SA,CAT05,10,1632
SA,CAT05,11,2057
SA,CAT05,12,2154
SA,CAT06,1,725
SA,CAT06,2,658
SA,CAT06,3,708
SA,CAT06,4,776
SA,CAT06,5,804
SA,CAT06,6,833
SA,CAT06,7,865
SA,CAT06,8,849
SA,CAT06,9,983
SA,CAT06,10,908
SA,CAT06,11,1144
SA,CAT06,12,1144
SA,CAT07,1,904
SA,CAT07,2,1171
SA,CAT07,3,1104
SA,CAT07,4,1053
SA,CAT07,5,1277
SA,CAT07,6,1267
SA,CAT07,7,1068
SA,CAT07,8,1237
SA,CAT07,9,1239
SA,CAT07,10,1501
SA,CAT07,11,1686
SA,CAT07,12,1680
SA,CAT08,1,890
SA,CAT08,2,1118
SA,CAT08,3,989
SA,CAT08,4,1304
SA,CAT08,5,1093
SA,CAT08,6,1324
SA,CAT08,7,1262
SA,CAT08,8,1325
SA,CAT08,9,1230
SA,CAT08,10,1610
SA,CAT08,11,2080
SA,CAT08,12,1698
SA,CAT09,1,895
SA,CAT09,2,1180
SA,CAT09,3,1131
SA,CAT09,4,1020
SA,CAT09,5,1072
SA,CAT09,6,1298
SA,CAT09,7,1322
SA,CAT09,8,1339
SA,CAT09,9,1548
SA,CAT09,10,1422
SA,CAT09,11,1688
SA,CAT09,12,1907
SA,CAT10,1,892
SA,CAT10,2,907
SA,CAT10,3,905
SA,CAT10,4,1023
SA,CAT10,5,1176
SA,CAT10,6,996
SA,CAT10,7,1143
SA,CAT10,8,1275
SA,CAT10,9,1323
SA,CAT10,10,1449
SA,CAT10,11,1845
SA,CAT10,12,1918
ZA,CAT01,1,460
ZA,CAT01,2,551
ZA,CAT01,3,606
ZA,CAT01,4,555
ZA,CAT01,5,535
ZA,CAT01,6,599
ZA,CAT01,7,644
ZA,CAT01,8,668
ZA,CAT01,9,649
ZA,CAT01,10,824
ZA,CAT01,11,1068
ZA,CAT01,12,922
ZA,CAT02,1,257
ZA,CAT02,2,207
ZA,CAT02,3,289
ZA,CAT02,4,298
ZA,CAT02,5,231
ZA,CAT02,6,307
ZA,CAT02,7,325
ZA,CAT02,8,336
ZA,CAT02,9,358
ZA,CAT02,10,333
ZA,CAT02,11,361
ZA,CAT02,12,488
ZA,CAT03,1,521
ZA,CAT03,2,553
ZA,CAT03,3,552
ZA,CAT03,4,592
ZA,CAT03,5,536
ZA,CAT03,6,675
ZA,CAT03,7,549
ZA,CAT03,8,706
ZA,CAT03,9,765
ZA,CAT03,10,718
ZA,CAT03,11,915
ZA,CAT03,12,921
ZA,CAT04,1,732
ZA,CAT04,2,729
ZA,CAT04,3,693
ZA,CAT04,4,665
ZA,CAT04,5,697
ZA,CAT04,6,793
ZA,CAT04,7,908
ZA,CAT04,8,901
ZA,CAT04,9,806
ZA,CAT04,10,1021
ZA,CAT04,11,1120
ZA,CAT04,12,1374
ZA,CAT05,1,653
ZA,CAT05,2,779
ZA,CAT05,3,898
ZA,CAT05,4,755
ZA,CAT05,5,889
ZA,CAT05,6,1014
ZA,CAT05,7,792
ZA,CAT05,8,814
ZA,CAT05,9,1024
ZA,CAT05,10,968
ZA,CAT05,11,1118
ZA,CAT05,12,1361
ZA,CAT06,1,511
ZA,CAT06,2,472
ZA,CAT06,3,508
ZA,CAT06,4,603
ZA,CAT06,5,567
ZA,CAT06,6,655
ZA,CAT06,7,584
ZA,CAT06,8,708
ZA,CAT06,9,683
ZA,CAT06,10,604
ZA,CAT06,11,960
ZA,CAT06,12,917
ZA,CAT07,1,636
ZA,CAT07,2,678
ZA,CAT07,3,847
ZA,CAT07,4,708
ZA,CAT07,5,792
ZA,CAT07,6,794
ZA,CAT07,7,875
ZA,CAT07,8,911
ZA,CAT07,9,986
ZA,CAT07,10,957
ZA,CAT07,11,1110
ZA,CAT07,12,1428
ZA,CAT08,1,706
ZA,CAT08,2,815
ZA,CAT08,3,728
ZA,CAT08,4,720
ZA,CAT08,5,805
ZA,CAT08,6,905
ZA,CAT08,7,888
ZA,CAT08,8,1052
ZA,CAT08,9,971
ZA,CAT08,10,1064
ZA,CAT08,11,1367
ZA,CAT08,12,1217
ZA,CAT09,1,711
ZA,CAT09,2,717
ZA,CAT09,3,777
ZA,CAT09,4,716
ZA,CAT09,5,912
ZA,CAT09,6,1002
ZA,CAT09,7,758
ZA,CAT09,8,957
ZA,CAT09,9,1050
ZA,CAT09,10,952
ZA,CAT09,11,1393
ZA,CAT09,12,1426
ZA,CAT10,1,751
ZA,CAT10,2,809
ZA,CAT10,3,645
ZA,CAT10,4,752
ZA,CAT10,5,801
ZA,CAT10,6,743
ZA,CAT10,7,790
ZA,CAT10,8,1000
ZA,CAT10,9,782
ZA,CAT10,10,942
ZA,CAT10,11,1329
ZA,CAT10,12,1220
CN,CAT01,1,2908
CN,CAT01,2,3555
CN,CAT01,3,3267
CN,CAT01,4,2992
CN,CAT01,5,3007
CN,CAT01,6,4146
CN,CAT01,7,3401
CN,CAT01,8,3845
CN,CAT01,9,3529
CN,CAT01,10,4110
CN,CAT01,11,5988
CN,CAT01,12,5673
CN,CAT02,1,1457
CN,CAT02,2,1258
CN,CAT02,3,1438
CN,CAT02,4,1627
CN,CAT02,5,1493
CN,CAT02,6,1490
CN,CAT02,7,1766
CN,CAT02,8,1620
CN,CAT02,9,1772
CN,CAT02,10,2098
CN,CAT02,11,2097
CN,CAT02,12,2326
CN,CAT03,1,2423
CN,CAT03,2,2899
CN,CAT03,3,2887
CN,CAT03,4,3418
CN,CAT03,5,3028
CN,CAT03,6,3709
CN,CAT03,7,3274
CN,CAT03,8,3540
CN,CAT03,9,3701
CN,CAT03,10,4317
CN,CAT03,11,5059
CN,CAT03,12,5236
CN,CAT04,1,3971
CN,CAT04,2,3898
CN,CAT04,3,3693
CN,CAT04,4,4625
CN,CAT04,5,4063
CN,CAT04,6,3868
CN,CAT04,7,4481
CN,CAT04,8,4181
CN,CAT04,9,4550
CN,CAT04,10,5545
CN,CAT04,11,5788
CN,CAT04,12,7598
CN,CAT05,1,4483
CN,CAT05,2,4346
CN,CAT05,3,4740
CN,CAT05,4,4850
CN,CAT05,5,5402
CN,CAT05,6,4719
CN,CAT05,7,4453
CN,CAT05,8,5232
CN,CAT05,9,5504
CN,CAT05,10,5147
CN,CAT05,11,7427
CN,CAT05,12,6560
CN,CAT06,1,3001
CN,CAT06,2,2627
CN,CAT06,3,2579
CN,CAT06,4,2699
CN,CAT06,5,2913
CN,CAT06,6,3099
CN,CAT06,7,2859
CN,CAT06,8,3260
CN,CAT06,9,3321
CN,CAT06,10,3685
CN,CAT06,11,4655
CN,CAT06,12,4905
CN,CAT07,1,3784
CN,CAT07,2,3718
CN,CAT07,3,3849
CN,CAT07,4,4178
CN,CAT07,5,5103
CN,CAT07,6,5722
CN,CAT07,7,5629
CN,CAT07,8,5244
CN,CAT07,9,5539
CN,CAT07,10,5417
CN,CAT07,11,7826
CN,CAT07,12,8345
CN,CAT08,1,4531
CN,CAT08,2,4881
CN,CAT08,3,4529
CN,CAT08,4,5101
CN,CAT08,5,5325
CN,CAT08,6,4839
CN,CAT08,7,5795
CN,CAT08,8,4734
CN,CAT08,9,6485
CN,CAT08,10,6382
CN,CAT08,11,6536
CN,CAT08,12,8330
CN,CAT09,1,3410
CN,CAT09,2,4552
CN,CAT09,3,4859
CN,CAT09,4,4698
CN,CAT09,5,5210
CN,CAT09,6,4357
CN,CAT09,7,4621
CN,CAT09,8,5068
CN,CAT09,9,4702
CN,CAT09,10,5609
CN,CAT09,11,6678
CN,CAT09,12,7432
CN,CAT10,1,3640
CN,CAT10,2,4407
CN,CAT10,3,3901
CN,CAT10,4,4788
CN,CAT10,5,4324
CN,CAT10,6,4415
CN,CAT10,7,4659
CN,CAT10,8,4767
CN,CAT10,9,4748
CN,CAT10,10,5358
CN,CAT10,11,6045
CN,CAT10,12,6895
JP,CAT01,1,2344
JP,CAT01,2,2379
JP,CAT01,3,2838
JP,CAT01,4,2451
JP,CAT01,5,3115
JP,CAT01,6,3119
JP,CAT01,7,3277
JP,CAT01,8,3324
JP,CAT01,9,2822
JP,CAT01,10,3331
JP,CAT01,11,3754
JP,CAT01,12,4880
JP,CAT02,1,1029
JP,CAT02,2,990
JP,CAT02,3,1274
JP,CAT02,4,1020
JP,CAT02,5,1214
JP,CAT02,6,1337
JP,CAT02,7,1088
JP,CAT02,8,1355
JP,CAT02,9,1510
JP,CAT02,10,1255
JP,CAT02,11,1825
JP,CAT02,12,1803
JP,CAT03,1,2324
JP,CAT03,2,2085
JP,CAT03,3,2819
JP,CAT03,4,2849
JP,CAT03,5,2383
JP,CAT03,6,2622
JP,CAT03,7,2842
JP,CAT03,8,3098
JP,CAT03,9,2994
JP,CAT03,10,2856
JP,CAT03,11,3539
JP,CAT03,12,4936
JP,CAT04,1,2784
JP,CAT04,2,3333
JP,CAT04,3,3157
JP,CAT04,4,3656
JP,CAT04,5,2936
JP,CAT04,6,3118
JP,CAT04,7,3981
JP,CAT04,8,4200
JP,CAT04,9,3664
JP,CAT04,10,3880
JP,CAT04,11,5041
JP,CAT04,12,5329
JP,CAT05,1,2825
JP,CAT05,2,3704
JP,CAT05,3,3244
JP,CAT05,4,3802
JP,CAT05,5,3218
JP,CAT05,6,3354
JP,CAT05,7,4072
JP,CAT05,8,3890
JP,CAT05,9,4482
JP,CAT05,10,3931
JP,CAT05,11,6406
JP,CAT05,12,6483
JP,CAT06,1,2326
JP,CAT06,2,1978
JP,CAT06,3,2224
JP,CAT06,4,2309
JP,CAT06,5,2510
JP,CAT06,6,2453
JP,CAT06,7,2268
JP,CAT06,8,2635
JP,CAT06,9,2662
JP,CAT06,10,2902
JP,CAT06,11,3444
JP,CAT06,12,3760
JP,CAT07,1,3254
JP,CAT07,2,3219
JP,CAT07,3,3363
JP,CAT07,4,3642
JP,CAT07,5,4026
JP,CAT07,6,3776
JP,CAT07,7,4022
JP,CAT07,8,4690
JP,CAT07,9,4339
JP,CAT07,10,5061
JP,CAT07,11,6183
JP,CAT07,12,5270
JP,CAT08,1,3158
JP,CAT08,2,3633
JP,CAT08,3,4160
JP,CAT08,4,3665
JP,CAT08,5,3364
JP,CAT08,6,4109
JP,CAT08,7,3582
JP,CAT08,8,4555
JP,CAT08,9,4447
JP,CAT08,10,4950
JP,CAT08,11,6497
JP,CAT08,12,6494
JP,CAT09,1,3219
JP,CAT09,2,3561
JP,CAT09,3,3863
JP,CAT09,4,3978
JP,CAT09,5,3184
JP,CAT09,6,3958
JP,CAT09,7,3561
JP,CAT09,8,4529
JP,CAT09,9,4473
JP,CAT09,10,4369
JP,CAT09,11,5116
JP,CAT09,12,5742
JP,CAT10,1,3105
JP,CAT10,2,2833
JP,CAT10,3,2890
JP,CAT10,4,3757
JP,CAT10,5,3750
JP,CAT10,6,3328
JP,CAT10,7,3430
JP,CAT10,8,4384
JP,CAT10,9,4275
JP,CAT10,10,4346
JP,CAT10,11,4997
JP,CAT10,12,5327
KR,CAT01,1,1261
KR,CAT01,2,1661
KR,CAT01,3,1420
KR,CAT01,4,1433
KR,CAT01,5,1857
KR,CAT01,6,2075
KR,CAT01,7,1969
KR,CAT01,8,1904
KR,CAT01,9,2003
KR,CAT01,10,2063
KR,CAT01,11,2512
KR,CAT01,12,2853
KR,CAT02,1,625
KR,CAT02,2,698
KR,CAT02,3,804
KR,CAT02,4,843
KR,CAT02,5,662
KR,CAT02,6,770
KR,CAT02,7,722
KR,CAT02,8,801
KR,CAT02,9,822
KR,CAT02,10,828
KR,CAT02,11,1249
KR,CAT02,12,1236
KR,CAT03,1,1587
KR,CAT03,2,1288
KR,CAT03,3,1380
KR,CAT03,4,1574
KR,CAT03,5,1463
KR,CAT03,6,1637
KR,CAT03,7,2019
KR,CAT03,8,1689
KR,CAT03,9,1763
KR,CAT03,10,2071
KR,CAT03,11,2554
KR,CAT03,12,2797
KR,CAT04,1,1729
KR,CAT04,2,2095
KR,CAT04,3,1801
KR,CAT04,4,2020
KR,CAT04,5,2254
KR,CAT04,6,2492
KR,CAT04,7,2157
KR,CAT04,8,2404
KR,CAT04,9,2150
KR,CAT04,10,2326
KR,CAT04,11,2834
KR,CAT04,12,3717
KR,CAT05,1,1856
KR,CAT05,2,2247
KR,CAT05,3,1939
KR,CAT05,4,2527
KR,CAT05,5,2590
KR,CAT05,6,2172
KR,CAT05,7,2123
KR,CAT05,8,2255
KR,CAT05,9,3014
KR,CAT05,10,2622
KR,CAT05,11,3644
KR,CAT05,12,3755
KR,CAT06,1,1448
KR,CAT06,2,1408
KR,CAT06,3,1497
KR,CAT06,4,1754
KR,CAT06,5,1414
KR,CAT06,6,1827
KR,CAT06,7,1439
KR,CAT06,8,1734
KR,CAT06,9,2041
KR,CAT06,10,2007
KR,CAT06,11,2545
KR,CAT06,12,2394
KR,CAT07,1,1946
KR,CAT07,2,2035
KR,CAT07,3,2259
KR,CAT07,4,2268
KR,CAT07,5,2246
KR,CAT07,6,2348
KR,CAT07,7,2307
KR,CAT07,8,2512
KR,CAT07,9,2455
KR,CAT07,10,3188
KR,CAT07,11,3727
KR,CAT07,12,3441
KR,CAT08,1,2173
KR,CAT08,2,2409
KR,CAT08,3,2128
KR,CAT08,4,2114
KR,CAT08,5,2079
KR,CAT08,6,2218
KR,CAT08,7,2769
KR,CAT08,8,3089
KR,CAT08,9,2438
KR,CAT08,10,3172
KR,CAT08,11,3244
KR,CAT08,12,4089
KR,CAT09,1,2134
KR,CAT09,2,2017
KR,CAT09,3,1902
KR,CAT09,4,2344
KR,CAT09,5,2700
KR,CAT09,6,2297
KR,CAT09,7,2246
KR,CAT09,8,2308
KR,CAT09,9,2770
KR,CAT09,10,2931
KR,CAT09,11,3907
KR,CAT09,12,4131
KR,CAT10,1,2081
KR,CAT10,2,2160
KR,CAT10,3,1936
KR,CAT10,4,2177
KR,CAT10,5,2077
KR,CAT10,6,2209
KR,CAT10,7,2629
KR,CAT10,8,2577
KR,CAT10,9,2925
KR,CAT10,10,2610
KR,CAT10,11,3413
KR,CAT10,12,3594
IN,CAT01,1,1844
IN,CAT01,2,2045
IN,CAT01,3,2371
IN,CAT01,4,2092
IN,CAT01,5,2803
IN,CAT01,6,2318
IN,CAT01,7,2376
IN,CAT01,8,2961
IN,CAT01,9,2526
IN,CAT01,10,3365
IN,CAT01,11,4045
IN,CAT01,12,3525
IN,CAT02,1,964
IN,CAT02,2,1007
IN,CAT02,3,1105
IN,CAT02,4,1152
IN,CAT02,5,1154
IN,CAT02,6,1169
IN,CAT02,7,1079
IN,CAT02,8,1268
IN,CAT02,9,1426
IN,CAT02,10,1345
IN,CAT02,11,1734
IN,CAT02,12,1734
IN,CAT03,1,2169
IN,CAT03,2,2459
IN,CAT03,3,2035
IN,CAT03,4,2109
IN,CAT03,5,2420
IN,CAT03,6,2503
IN,CAT03,7,2572
IN,CAT03,8,2286
IN,CAT03,9,2690
IN,CAT03,10,2967
IN,CAT03,11,3744
IN,CAT03,12,4086
IN,CAT04,1,2734
IN,CAT04,2,2841
IN,CAT04,3,3137
IN,CAT04,4,3060
IN,CAT04,5,3080
IN,CAT04,6,3308
IN,CAT04,7,2823
IN,CAT04,8,3137
IN,CAT04,9,3556
IN,CAT04,10,4100
IN,CAT04,11,4899
IN,CAT04,12,4359
IN,CAT05,1,2909
IN,CAT05,2,2757
IN,CAT05,3,3408
IN,CAT05,4,3575
IN,CAT05,5,3456
IN,CAT05,6,3636
IN,CAT05,7,3367
IN,CAT05,8,3656
IN,CAT05,9,4318
IN,CAT05,10,4342
IN,CAT05,11,5162
IN,CAT05,12,5268
IN,CAT06,1,1644
IN,CAT06,2,1803
IN,CAT06,3,1941
IN,CAT06,4,2102
IN,CAT06,5,2557
IN,CAT06,6,2379
IN,CAT06,7,2186
IN,CAT06,8,2199
IN,CAT06,9,2486
IN,CAT06,10,2990
IN,CAT06,11,3323
IN,CAT06,12,3982
IN,CAT07,1,3109
IN,CAT07,2,2675
IN,CAT07,3,3311
IN,CAT07,4,3729
IN,CAT07,5,3285
IN,CAT07,6,3083
IN,CAT07,7,4015
IN,CAT07,8,4171
IN,CAT07,9,3945
IN,CAT07,10,4161
IN,CAT07,11,4719
IN,CAT07,12,6051
IN,CAT08,1,2932
IN,CAT08,2,2681
IN,CAT08,3,3482
IN,CAT08,4,3830
IN,CAT08,5,3828
IN,CAT08,6,3422
IN,CAT08,7,3176
IN,CAT08,8,4359
IN,CAT08,9,4563
IN,CAT08,10,4258
IN,CAT08,11,5544
IN,CAT08,12,5620
IN,CAT09,1,2763
IN,CAT09,2,2665
IN,CAT09,3,2800
IN,CAT09,4,2995
IN,CAT09,5,3701
IN,CAT09,6,3163
IN,CAT09,7,3249
IN,CAT09,8,3770
IN,CAT09,9,3560
IN,CAT09,10,3658
IN,CAT09,11,5229
IN,CAT09,12,5268
IN,CAT10,1,2761
IN,CAT10,2,3176
IN,CAT10,3,2679
IN,CAT10,4,3438
IN,CAT10,5,3540
IN,CAT10,6,3653
IN,CAT10,7,3456
IN,CAT10,8,3617
IN,CAT10,9,3810
IN,CAT10,10,4042
IN,CAT10,11,4122
IN,CAT10,12,5862
VN,CAT01,1,750
VN,CAT01,2,843
VN,CAT01,3,793
VN,CAT01,4,718
VN,CAT01,5,871
VN,CAT01,6,916
VN,CAT01,7,897
VN,CAT01,8,914
VN,CAT01,9,930
VN,CAT01,10,1060
VN,CAT01,11,1276
VN,CAT01,12,1617
VN,CAT02,1,288
VN,CAT02,2,321
VN,CAT02,3,337
VN,CAT02,4,372
VN,CAT02,5,379
VN,CAT02,6,416
VN,CAT02,7,453
VN,CAT02,8,392
VN,CAT02,9,464
VN,CAT02,10,393
VN,CAT02,11,537
VN,CAT02,12,612
VN,CAT03,1,606
VN,CAT03,2,775
VN,CAT03,3,835
VN,CAT03,4,871
VN,CAT03,5,841
VN,CAT03,6,909
VN,CAT03,7,854
VN,CAT03,8,798
VN,CAT03,9,853
VN,CAT03,10,1060
VN,CAT03,11,1468
VN,CAT03,12,1167
VN,CAT04,1,913
VN,CAT04,2,1026
VN,CAT04,3,1109
VN,CAT04,4,1046
VN,CAT04,5,1104
VN,CAT04,6,1188
VN,CAT04,7,1243
VN,CAT04,8,1045
VN,CAT04,9,1392
VN,CAT04,10,1107
VN,CAT04,11,1791
VN,CAT04,12,1519
VN,CAT05,1,900
VN,CAT05,2,896
VN,CAT05,3,1096
VN,CAT05,4,1083
VN,CAT05,5,1059
VN,CAT05,6,1220
VN,CAT05,7,1202
VN,CAT05,8,1405
VN,CAT05,9,1523
VN,CAT05,10,1490
VN,CAT05,11,1594
VN,CAT05,12,1802
VN,CAT06,1,747
VN,CAT06,2,619
VN,CAT06,3,727
VN,CAT06,4,866
VN,CAT06,5,896
VN,CAT06,6,809
VN,CAT06,7,873
VN,CAT06,8,861
VN,CAT06,9,984
VN,CAT06,10,822
VN,CAT06,11,1077
VN,CAT06,12,1333
VN,CAT07,1,917
VN,CAT07,2,1113
VN,CAT07,3,1072
VN,CAT07,4,1280
VN,CAT07,5,1298
VN,CAT07,6,1244
VN,CAT07,7,1349
VN,CAT07,8,1219
VN,CAT07,9,1369
VN,CAT07,10,1304
VN,CAT07,11,2004
VN,CAT07,12,2120
VN,CAT08,1,1151
VN,CAT08,2,1214
VN,CAT08,3,1314
VN,CAT08,4,1085
VN,CAT08,5,1377
VN,CAT08,6,1311
VN,CAT08,7,1254
VN,CAT08,8,1372
VN,CAT08,9,1345
VN,CAT08,10,1382
VN,CAT08,11,1717
VN,CAT08,12,1740
VN,CAT09,1,990
VN,CAT09,2,1175
VN,CAT09,3,1158
VN,CAT09,4,1147
VN,CAT09,5,1151
VN,CAT09,6,1225
VN,CAT09,7,1131
VN,CAT09,8,1426
VN,CAT09,9,1239
VN,CAT09,10,1517
VN,CAT09,11,1936
VN,CAT09,12,1963
VN,CAT10,1,1032
VN,CAT10,2,927
VN,CAT10,3,1167
VN,CAT10,4,1144
VN,CAT10,5,1205
VN,CAT10,6,1221
VN,CAT10,7,1285
VN,CAT10,8,1403
VN,CAT10,9,1249
VN,CAT10,10,1464
VN,CAT10,11,1811
VN,CAT10,12,1778
AU,CAT01,1,1533
AU,CAT01,2,1398
AU,CAT01,3,1558
AU,CAT01,4,1378
AU,CAT01,5,1481
AU,CAT01,6,1872
AU,CAT01,7,1645
AU,CAT01,8,1726
AU,CAT01,9,1726
AU,CAT01,10,1948
AU,CAT01,11,2688
AU,CAT01,12,2944
AU,CAT02,1,516
AU,CAT02,2,644
AU,CAT02,3,660
AU,CAT02,4,705
AU,CAT02,5,693
AU,CAT02,6,718
AU,CAT02,7,735
AU,CAT02,8,797
AU,CAT02,9,815
AU,CAT02,10,845
AU,CAT02,11,1177
AU,CAT02,12,1233
AU,CAT03,1,1247
AU,CAT03,2,1516
AU,CAT03,3,1629
AU,CAT03,4,1349
AU,CAT03,5,1593
AU,CAT03,6,1531
AU,CAT03,7,1754
AU,CAT03,8,1584
AU,CAT03,9,1893
AU,CAT03,10,1744
AU,CAT03,11,2381
AU,CAT03,12,2878
AU,CAT04,1,1608
AU,CAT04,2,1971
AU,CAT04,3,2150
AU,CAT04,4,2133
AU,CAT04,5,1781
AU,CAT04,6,2284
AU,CAT04,7,1792
AU,CAT04,8,2118
AU,CAT04,9,2547
AU,CAT04,10,2532
AU,CAT04,11,3052
AU,CAT04,12,3122
AU,CAT05,1,2013
AU,CAT05,2,2078
AU,CAT05,3,2051
AU,CAT05,4,2365
AU,CAT05,5,2008
AU,CAT05,6,2073
AU,CAT05,7,2399
AU,CAT05,8,2757
AU,CAT05,9,2338
AU,CAT05,10,2447
AU,CAT05,11,2975
AU,CAT05,12,3951
AU,CAT06,1,1134
AU,CAT06,2,1313
AU,CAT06,3,1594
AU,CAT06,4,1212
AU,CAT06,5,1491
AU,CAT06,6,1549
AU,CAT06,7,1686
AU,CAT06,8,1551
AU,CAT06,9,1652
AU,CAT06,10,1598
AU,CAT06,11,2400
AU,CAT06,12,2597
AU,CAT07,1,1651
AU,CAT07,2,1905
AU,CAT07,3,2330
AU,CAT07,4,1813
AU,CAT07,5,2067
AU,CAT07,6,2354
AU,CAT07,7,2200
AU,CAT07,8,2265
AU,CAT07,9,2517
AU,CAT07,10,2409
AU,CAT07,11,3387
AU,CAT07,12,3812
AU,CAT08,1,1950
AU,CAT08,2,1779
AU,CAT08,3,2367
AU,CAT08,4,1979
AU,CAT08,5,2444
AU,CAT08,6,2284
AU,CAT08,7,2586
AU,CAT08,8,2282
AU,CAT08,9,2375
AU,CAT08,10,2739
AU,CAT08,11,2972
AU,CAT08,12,3390
AU,CAT09,1,1964
AU,CAT09,2,2153
AU,CAT09,3,1810
AU,CAT09,4,2359
AU,CAT09,5,2380
AU,CAT09,6,2555
AU,CAT09,7,2437
AU,CAT09,8,2541
AU,CAT09,9,2549
AU,CAT09,10,2766
AU,CAT09,11,3755
AU,CAT09,12,3138
AU,CAT10,1,1633
AU,CAT10,2,1601
AU,CAT10,3,2205
AU,CAT10,4,1956
AU,CAT10,5,2161
AU,CAT10,6,2382
AU,CAT10,7,2480
AU,CAT10,8,2039
AU,CAT10,9,2591
AU,CAT10,10,2774
AU,CAT10,11,2710
AU,CAT10,12,3605
